iso2c,iso3c,country,short_name,year,country_group,food_bev_tobacco,textiles_clothing,chemicals,machinery_transp,other_mfg,med_hitech_pct
AU,AUS,Australia,Australia,1990,Developed,17.9957830281324,6.06550748079256,7.3031598405638,15.617237594593,53.0183120559182,28.4010166945873
AU,AUS,Australia,Australia,1991,Developed,18.5154667970114,5.74261573912436,7.83464841840654,14.7587458976328,53.1485231478249,28.0594930521612
AU,AUS,Australia,Australia,1992,Developed,20.3318611225479,6.30597472674396,8.60323886601359,6.39645442303409,58.3624708616604,21.0020242908567
AU,AUS,Australia,Australia,1993,Developed,21.823674628851,6.35611302834082,8.89888031279741,14.9764000921129,47.9449319378979,26.8512360361173
AU,AUS,Australia,Australia,1994,Developed,21.7365494983131,6.33073796324069,8.86335393506368,14.9166108570376,48.152747746345,27.7561237493863
AU,AUS,Australia,Australia,1995,Developed,19.7319783598756,5.48716805289908,7.92095473843171,14.0992994355873,52.7605994132063,25.5794031699585
AU,AUS,Australia,Australia,1996,Developed,19.7319783611251,5.48716805332269,7.92095473907788,14.0992994355586,52.7605994109157,24.7462360796555
AU,AUS,Australia,Australia,1997,Developed,19.723248875629,4.91160885247362,8.81573674132787,14.3017767288596,52.2476288017099,25.2894420447967
AU,AUS,Australia,Australia,1998,Developed,19.6572372496387,5.04798026451634,8.22674071095558,15.839464446787,51.2285773281024,26.3592597020116
AU,AUS,Australia,Australia,1999,Developed,21.0634917359635,4.71287373872851,8.40847656975425,15.1889070012174,50.6262509543363,25.9827084579989
AU,AUS,Australia,Australia,2000,Developed,21.1454635557309,4.68561950706433,8.37201775943849,14.8932512111007,50.9036479666657,25.5994821849368
AU,AUS,Australia,Australia,2001,Developed,22.1137119663076,4.20239875484481,8.28475803908404,13.7180700094607,51.6810612303029,24.0689311400698
AU,AUS,Australia,Australia,2002,Developed,21.1660068506159,3.64663405770655,7.53944105966214,13.1067504080213,54.5411676239941,22.8218396895724
AU,AUS,Australia,Australia,2003,Developed,20.460362964935,3.41126808296781,6.90120723396479,13.0086620558897,56.2184996622426,21.9816078584878
AU,AUS,Australia,Australia,2004,Developed,20.1579159006795,3.42085733060533,6.98012933292609,13.65996160953,55.781135826259,22.7321242207043
AU,AUS,Australia,Australia,2005,Developed,19.4977115288009,2.89287017797041,7.13180365791805,13.2528394753818,57.2247751599288,22.4837519461845
AU,AUS,Australia,Australia,2006,Developed,18.8294445806336,2.5459323752573,7.30780046676082,13.5104004094285,57.8064221679198,23.0062181548748
AU,AUS,Australia,Australia,2007,Developed,20.2584937879056,2.76354786158708,6.83821075977939,19.6431725843491,50.4965750063789,26.4813833441284
AU,AUS,Australia,Australia,2008,Developed,20.3885935594388,2.78178618975357,7.02987534097362,19.1494511837487,50.6502937260853,26.1793265247223
AU,AUS,Australia,Australia,2009,Developed,21.4962713495309,2.7404378157325,7.97786865528025,20.0519605484725,47.7334616309839,28.0298292037527
AU,AUS,Australia,Australia,2010,Developed,23.8724220232145,2.95893596621856,8.69729299687889,19.1193570102609,45.3519920034271,27.8166500071398
AU,AUS,Australia,Australia,2011,Developed,23.5650993073399,2.85368164987935,8.87367012182612,15.5208628454752,49.1866860754794,26.9854140818101
AU,AUS,Australia,Australia,2012,Developed,24.9232609910855,2.73514499504751,8.49081583618551,16.8100108856613,47.0407672920201,27.9457482175955
AU,AUS,Australia,Australia,2013,Developed,26.679955612182,2.69512145000206,8.47581274916773,16.7605112819037,45.3885989067445,27.8112284739633
AU,AUS,Australia,Australia,2014,Developed,27.1343542687085,2.6009052018104,8.98588463843594,15.9546985760638,45.3241573149813,27.260421187509
AU,AUS,Australia,Australia,2015,Developed,26.552576573679598,2.66701503336281,9.18381702709221,16.7125572795241,44.8840340863413,26.1224776911327
AU,AUS,Australia,Australia,2016,Developed,25.6788979977928,2.40718114456882,9.13507015607757,18.9214488412423,43.8574018603185,26.69576698723
AU,AUS,Australia,Australia,2017,Developed,25.4641830078458,2.44691830579465,8.08925941141695,17.997174320384,46.0024649545587,26.5533722782793
AU,AUS,Australia,Australia,2018,Developed,24.9622761480863,2.34125138795304,8.22996839737689,18.0884683641609,46.3780357024229,25.9843790037107
AU,AUS,Australia,Australia,2019,Developed,24.9488380553913,2.22111055527764,8.03219791714039,18.5147119014052,46.2831415707854,26.2594933830552
AU,AUS,Australia,Australia,2020,Developed,26.3926940639269,2.1647563134843,8.70748299319728,18.9833193551393,43.7517472742522,27.3357562202963
AU,AUS,Australia,Australia,2021,Developed,25.441466828576502,2.22934954903179,9.39293096895596,20.0215055756913,42.9147470777445,28.8541985511682
AU,AUS,Australia,Australia,2022,Developed,23.4481148781352,2.11532889017676,9.4706848256544,19.4653723558389,45.5004990501948,29.1257367387033
AU,AUS,Australia,Australia,2023,Developed,23.5924752711951,1.95365030033171,8.40854077637988,20.6257657711502,45.4195678809431,NA
AU,AUS,Australia,Australia,2024,Developed,NA,NA,NA,NA,NA,NA
BN,BRN,Brunei Darussalam,Brunei,1990,ASEAN,NA,NA,NA,NA,NA,3.31993244448281
BN,BRN,Brunei Darussalam,Brunei,1991,ASEAN,NA,NA,NA,NA,NA,3.31993244448281
BN,BRN,Brunei Darussalam,Brunei,1992,ASEAN,NA,NA,NA,NA,NA,3.31993244448281
BN,BRN,Brunei Darussalam,Brunei,1993,ASEAN,NA,NA,NA,NA,NA,3.31993244448281
BN,BRN,Brunei Darussalam,Brunei,1994,ASEAN,NA,NA,NA,NA,NA,3.31993244448281
BN,BRN,Brunei Darussalam,Brunei,1995,ASEAN,NA,NA,NA,NA,NA,3.31993244448281
BN,BRN,Brunei Darussalam,Brunei,1996,ASEAN,NA,NA,NA,NA,NA,3.31993244448281
BN,BRN,Brunei Darussalam,Brunei,1997,ASEAN,NA,NA,NA,NA,NA,3.31993244448281
BN,BRN,Brunei Darussalam,Brunei,1998,ASEAN,NA,NA,NA,NA,NA,3.31993244448281
BN,BRN,Brunei Darussalam,Brunei,1999,ASEAN,NA,NA,NA,NA,NA,3.31993244448281
BN,BRN,Brunei Darussalam,Brunei,2000,ASEAN,NA,NA,NA,NA,NA,3.31993244448281
BN,BRN,Brunei Darussalam,Brunei,2001,ASEAN,NA,NA,NA,NA,NA,3.31993244448281
BN,BRN,Brunei Darussalam,Brunei,2002,ASEAN,NA,NA,NA,NA,NA,3.31993244448281
BN,BRN,Brunei Darussalam,Brunei,2003,ASEAN,NA,NA,NA,NA,NA,3.31993244448281
BN,BRN,Brunei Darussalam,Brunei,2004,ASEAN,NA,NA,NA,NA,NA,3.31993244448281
BN,BRN,Brunei Darussalam,Brunei,2005,ASEAN,NA,NA,NA,NA,NA,3.31993244448281
BN,BRN,Brunei Darussalam,Brunei,2006,ASEAN,NA,NA,NA,NA,NA,3.31993244448281
BN,BRN,Brunei Darussalam,Brunei,2007,ASEAN,NA,NA,NA,NA,NA,3.31993244448281
BN,BRN,Brunei Darussalam,Brunei,2008,ASEAN,NA,NA,NA,NA,NA,3.31993244448281
BN,BRN,Brunei Darussalam,Brunei,2009,ASEAN,NA,NA,NA,NA,NA,3.31993244448281
BN,BRN,Brunei Darussalam,Brunei,2010,ASEAN,NA,NA,NA,NA,NA,3.31993244448281
BN,BRN,Brunei Darussalam,Brunei,2011,ASEAN,NA,NA,NA,NA,NA,3.31993243285215
BN,BRN,Brunei Darussalam,Brunei,2012,ASEAN,NA,NA,NA,NA,NA,3.31993245604964
BN,BRN,Brunei Darussalam,Brunei,2013,ASEAN,NA,NA,NA,NA,NA,3.31993245604964
BN,BRN,Brunei Darussalam,Brunei,2014,ASEAN,NA,NA,NA,NA,NA,3.31993245604964
BN,BRN,Brunei Darussalam,Brunei,2015,ASEAN,NA,NA,NA,NA,NA,3.31993245604964
BN,BRN,Brunei Darussalam,Brunei,2016,ASEAN,NA,NA,NA,NA,NA,3.31993245604964
BN,BRN,Brunei Darussalam,Brunei,2017,ASEAN,NA,NA,NA,NA,NA,3.31993245604964
BN,BRN,Brunei Darussalam,Brunei,2018,ASEAN,NA,NA,NA,NA,NA,3.31993245604964
BN,BRN,Brunei Darussalam,Brunei,2019,ASEAN,NA,NA,NA,NA,NA,3.31993245604964
BN,BRN,Brunei Darussalam,Brunei,2020,ASEAN,NA,NA,NA,NA,NA,3.31993245604964
BN,BRN,Brunei Darussalam,Brunei,2021,ASEAN,NA,NA,NA,NA,NA,3.31993245604964
BN,BRN,Brunei Darussalam,Brunei,2022,ASEAN,NA,NA,NA,NA,NA,3.31993245604964
BN,BRN,Brunei Darussalam,Brunei,2023,ASEAN,NA,NA,NA,NA,NA,NA
BN,BRN,Brunei Darussalam,Brunei,2024,ASEAN,NA,NA,NA,NA,NA,NA
KH,KHM,Cambodia,Cambodia,1990,ASEAN,NA,NA,NA,NA,NA,1.08622849399944
KH,KHM,Cambodia,Cambodia,1991,ASEAN,NA,NA,NA,NA,NA,1.08622849399944
KH,KHM,Cambodia,Cambodia,1992,ASEAN,NA,NA,NA,NA,NA,1.08622849399944
KH,KHM,Cambodia,Cambodia,1993,ASEAN,53.1675492982288,2.6468247234415,1.08622849399944,0,43.0993974843303,1.08622849399944
KH,KHM,Cambodia,Cambodia,1994,ASEAN,NA,NA,NA,NA,NA,1.08622849399944
KH,KHM,Cambodia,Cambodia,1995,ASEAN,20.0184544935904,22.3481608692301,0.317972067362999,0,57.3154125698165,0.317972067363
KH,KHM,Cambodia,Cambodia,1996,ASEAN,NA,NA,NA,NA,NA,0.317972067143436
KH,KHM,Cambodia,Cambodia,1997,ASEAN,NA,NA,NA,NA,NA,0.438766501499576
KH,KHM,Cambodia,Cambodia,1998,ASEAN,NA,NA,NA,NA,NA,0.24876126994168
KH,KHM,Cambodia,Cambodia,1999,ASEAN,NA,NA,NA,NA,NA,0.248761270297241
KH,KHM,Cambodia,Cambodia,2000,ASEAN,6.56114603439735,86.5336189129358,0.127966836301745,0.130686760322717,6.6465814560424,0.259529188603816
KH,KHM,Cambodia,Cambodia,2001,ASEAN,NA,NA,NA,NA,NA,0.259529188603816
KH,KHM,Cambodia,Cambodia,2002,ASEAN,NA,NA,NA,NA,NA,0.259529188603816
KH,KHM,Cambodia,Cambodia,2003,ASEAN,NA,NA,NA,NA,NA,0.259529188603816
KH,KHM,Cambodia,Cambodia,2004,ASEAN,NA,NA,NA,NA,NA,0.259529188603816
KH,KHM,Cambodia,Cambodia,2005,ASEAN,NA,NA,NA,NA,NA,0.259529188603816
KH,KHM,Cambodia,Cambodia,2006,ASEAN,NA,NA,NA,NA,NA,0.259529188603816
KH,KHM,Cambodia,Cambodia,2007,ASEAN,NA,NA,NA,NA,NA,0.259529188603816
KH,KHM,Cambodia,Cambodia,2008,ASEAN,NA,NA,NA,NA,NA,0.259529188603816
KH,KHM,Cambodia,Cambodia,2009,ASEAN,NA,NA,NA,NA,NA,0.259529188603816
KH,KHM,Cambodia,Cambodia,2010,ASEAN,NA,NA,NA,NA,NA,0.259529188603816
KH,KHM,Cambodia,Cambodia,2011,ASEAN,NA,NA,NA,NA,NA,0.259529188603816
KH,KHM,Cambodia,Cambodia,2012,ASEAN,NA,NA,NA,NA,NA,0.259529188603816
KH,KHM,Cambodia,Cambodia,2013,ASEAN,NA,NA,NA,NA,NA,0.259529188603816
KH,KHM,Cambodia,Cambodia,2014,ASEAN,NA,NA,NA,NA,NA,0.259529188603816
KH,KHM,Cambodia,Cambodia,2015,ASEAN,NA,NA,NA,NA,NA,0.259529188603816
KH,KHM,Cambodia,Cambodia,2016,ASEAN,NA,NA,NA,NA,NA,0.259529188603816
KH,KHM,Cambodia,Cambodia,2017,ASEAN,NA,NA,NA,NA,NA,0.259529188603816
KH,KHM,Cambodia,Cambodia,2018,ASEAN,NA,NA,NA,NA,NA,0.259529188603816
KH,KHM,Cambodia,Cambodia,2019,ASEAN,NA,NA,NA,NA,NA,0.259529188603816
KH,KHM,Cambodia,Cambodia,2020,ASEAN,NA,NA,NA,NA,NA,0.259529188603816
KH,KHM,Cambodia,Cambodia,2021,ASEAN,NA,NA,NA,NA,NA,0.259529188603816
KH,KHM,Cambodia,Cambodia,2022,ASEAN,NA,NA,NA,NA,NA,0.259529188603816
KH,KHM,Cambodia,Cambodia,2023,ASEAN,NA,NA,NA,NA,NA,NA
KH,KHM,Cambodia,Cambodia,2024,ASEAN,NA,NA,NA,NA,NA,NA
CN,CHN,China,China,1990,Developed,14.5395541472092,14.792963827737,13.1073493440071,15.5483285153065,42.0118041657401,37.8386516937217
CN,CHN,China,China,1991,Developed,14.6714456391876,13.5555555555556,12.8259657506969,16.1274392672242,42.8195937873357,38.3534448426922
CN,CHN,China,China,1992,Developed,13.2977631848964,12.9128724565803,11.9765713238393,18.0610405051671,43.7517525295169,39.5508511614865
CN,CHN,China,China,1993,Developed,12.7735921397259,13.1919198451596,9.77536134810907,16.1378596735972,48.1212669934082,35.2256318106439
CN,CHN,China,China,1994,Developed,14.0503570689171,13.7041307395136,9.95014046265526,15.7898354627085,46.5055362662056,35.5199082185178
CN,CHN,China,China,1995,Developed,13.5387788111605,11.7040841083704,11.4062272543469,15.562312980186,47.7885968459361,37.9784067933684
CN,CHN,China,China,1996,Developed,15.1171377199209,12.0377851735332,11.867664616356,14.8353989855496,46.1420135046403,37.2624704505024
CN,CHN,China,China,1997,Developed,16.0039319072106,11.9131186021357,11.5288408831766,14.9360905917533,45.6180180157238,38.3739755618215
CN,CHN,China,China,1998,Developed,16.1518108185694,11.7511109814625,11.4096122189066,15.0006198822423,45.6868460988192,40.7901741703357
CN,CHN,China,China,1999,Developed,15.5093638690589,11.4430951030611,11.9087529144874,14.7186038067631,46.4201843066296,41.8170797211695
CN,CHN,China,China,2000,Developed,14.3888876638032,11.2231067340794,12.0281931530474,14.0787814420375,48.2810310070324,42.8772749627303
CN,CHN,China,China,2001,Developed,14.1801845932082,11.1704831956075,11.5254178971296,14.6781797101397,48.4457346039151,42.7341833355441
CN,CHN,China,China,2002,Developed,14.3360897741981,10.6442579181144,11.3085596547335,15.7830676945233,47.9280249584308,43.8812616781535
CN,CHN,China,China,2003,Developed,12.84190647462,10.6048457546787,10.9455976568021,27.2113540937524,38.3962960201469,42.9526007649669
CN,CHN,China,China,2004,Developed,11.9673165936114,10.4322226937844,11.1238096738042,26.1688779434877,40.3077730953123,42.396957207939
CN,CHN,China,China,2005,Developed,12.1492588685416,10.6146714363303,10.9899536599251,25.4390729136076,40.8070431215954,41.6107437021342
CN,CHN,China,China,2006,Developed,11.8458981568915,10.385464156103,10.4352318848741,25.3865577364589,41.9468480656724,41.2949432058537
CN,CHN,China,China,2007,Developed,11.8056349843713,9.97548343266855,10.7936022080641,24.4865977891551,42.938681585741,40.6961113783077
CN,CHN,China,China,2008,Developed,11.8056349843719,9.97548343253088,10.7936022079296,24.4865977891447,42.9386815860229,41.3830969141648
CN,CHN,China,China,2009,Developed,11.8056349843124,9.97548343257491,10.7936022085299,24.486597789109,42.9386815854738,41.3830969146874
CN,CHN,China,China,2010,Developed,11.8056349842074,9.97548343261758,10.7936022082782,24.4865977891889,42.938681585708,41.3830969145511
CN,CHN,China,China,2011,Developed,11.8250827576686,9.99191634304166,10.8113828302765,24.5269352900609,42.8446827789524,41.4512685209591
CN,CHN,China,China,2012,Developed,11.8250827579729,9.99191634306323,10.8113828302316,24.526935289441,42.8446827792913,41.4512685203049
CN,CHN,China,China,2013,Developed,11.8250827577504,9.99191634302499,10.8113828302756,24.5269352900843,42.8446827788646,41.4512685209806
CN,CHN,China,China,2014,Developed,11.8250827574643,9.99191634329362,10.8113828299006,24.526935289998,42.8446827793435,41.4512685204961
CN,CHN,China,China,2015,Developed,11.8250827577268,9.99191634333821,10.8113828295794,24.5269352899176,42.844682779438,41.4512685200766
CN,CHN,China,China,2016,Developed,11.825082757248,9.99191634321979,10.8113828300373,24.526935289718,42.8446827797769,41.4512685204304
CN,CHN,China,China,2017,Developed,11.8250827575237,9.99191634306995,10.8113828298269,24.5269352896935,42.844682779886,41.451268520095
CN,CHN,China,China,2018,Developed,11.8250827570592,9.99191634334516,10.8113828298504,24.5269352899071,42.8446827798382,41.4512685204808
CN,CHN,China,China,2019,Developed,11.8250827576024,9.99191634312839,10.8113828297999,24.52693529006,42.8446827794093,41.4512685203911
CN,CHN,China,China,2020,Developed,11.8250827574584,9.99191634323983,10.811382829901,24.5269352899844,42.8446827794164,41.4512685204217
CN,CHN,China,China,2021,Developed,11.8250827573942,9.99191634340604,10.8113828300138,24.5269352899648,42.8446827792212,41.4512685204284
CN,CHN,China,China,2022,Developed,11.8250827577952,9.99191634371728,10.8113828301934,24.5269352909638,42.8446827773302,41.4512685217902
CN,CHN,China,China,2023,Developed,NA,NA,NA,NA,NA,NA
CN,CHN,China,China,2024,Developed,NA,NA,NA,NA,NA,NA
DE,DEU,Germany,Germany,1990,Developed,NA,NA,NA,NA,NA,47.9596641525561
DE,DEU,Germany,Germany,1991,Developed,NA,NA,NA,NA,NA,47.9596641525561
DE,DEU,Germany,Germany,1992,Developed,NA,NA,NA,NA,NA,47.9431228692445
DE,DEU,Germany,Germany,1993,Developed,NA,NA,NA,NA,NA,46.6770499778521
DE,DEU,Germany,Germany,1994,Developed,NA,NA,NA,NA,NA,47.9064227208898
DE,DEU,Germany,Germany,1995,Developed,NA,NA,NA,NA,NA,48.849212897529
DE,DEU,Germany,Germany,1996,Developed,NA,NA,NA,NA,NA,49.8403791203244
DE,DEU,Germany,Germany,1997,Developed,NA,NA,NA,NA,NA,50.8019320960609
DE,DEU,Germany,Germany,1998,Developed,7.64780175213271,2.50982157778695,10.2150935934107,35.2216905436478,44.4055925330218,55.5763207864636
DE,DEU,Germany,Germany,1999,Developed,8.77849664509097,2.35644587727066,8.96246702021372,31.9260444366467,47.976546020778,51.7612458238095
DE,DEU,Germany,Germany,2000,Developed,8.15023651932622,2.27503529219843,9.76805939712268,32.6826162089304,47.1240525824223,53.945064752161
DE,DEU,Germany,Germany,2001,Developed,8.39870046709468,2.17370751145395,9.79386851080178,34.1706689526628,45.4630545579868,54.3289858401543
DE,DEU,Germany,Germany,2002,Developed,8.61302003804612,2.10853480998627,10.121749365725,34.3203478752648,44.8363479109778,55.0747100083674
DE,DEU,Germany,Germany,2003,Developed,8.57538022373471,1.95413029793926,9.97981237826565,35.4584968829441,44.0321802171163,56.1076732008188
DE,DEU,Germany,Germany,2004,Developed,8.54907676114648,1.85708261278326,9.923408438289,34.9831955995394,44.6872365882418,55.8615350235162
DE,DEU,Germany,Germany,2005,Developed,8.04503518007492,1.77800084150334,10.2994823557875,35.2822116979196,44.5952699247146,56.4980976357042
DE,DEU,Germany,Germany,2006,Developed,7.57241340317138,1.69922233723579,9.98253127772003,35.6460971448537,45.0997358370191,57.0026498990515
DE,DEU,Germany,Germany,2007,Developed,7.3133537816789,1.61859953440481,10.161329479876,37.0855962894331,43.8211209146072,57.9818954103545
DE,DEU,Germany,Germany,2008,Developed,7.53165175651346,1.52076676495921,10.938677942506,36.9425606968641,43.0663428391572,59.4415885971639
DE,DEU,Germany,Germany,2009,Developed,8.91299030738547,1.52851181779993,11.8108202303399,37.0739859679694,40.6736916765053,56.0653782139912
DE,DEU,Germany,Germany,2010,Developed,7.7752341925272,1.42621070867485,11.4277865035719,39.8559259590289,39.5148426361971,59.0754241639029
DE,DEU,Germany,Germany,2011,Developed,7.33135914619655,1.4480020179251,10.8815980165502,41.3260749233231,39.0129658960051,59.1817743592935
DE,DEU,Germany,Germany,2012,Developed,7.49945650813235,1.38680978591424,10.5190669838404,41.8857728801699,38.7088938419432,59.1813279865569
DE,DEU,Germany,Germany,2013,Developed,7.5921966294858,1.36114348607407,10.4389190243075,42.1420047232626,38.46573613687,59.2919844364006
DE,DEU,Germany,Germany,2014,Developed,7.31486102627491,1.38474490724664,10.3807386181986,43.3849465398212,37.5347089084587,60.5911395249258
DE,DEU,Germany,Germany,2015,Developed,7.49108437915181,1.26206719023487,10.3838264272518,44.1345898421837,36.7284321611779,60.6955390022543
DE,DEU,Germany,Germany,2016,Developed,7.56214426788169,1.23592755107144,10.4619264086926,44.4831086742702,36.256893098084,60.9070768701628
DE,DEU,Germany,Germany,2017,Developed,7.48472367485818,1.23882821600089,10.2885137709889,44.4936144825778,36.4943198555742,60.8676932411214
DE,DEU,Germany,Germany,2018,Developed,7.79368345998906,1.14393874262555,10.0497707708494,43.6241321720717,37.3884748544642,59.8628823798921
DE,DEU,Germany,Germany,2019,Developed,8.07828264197996,1.13329550419172,10.5156057353351,43.9955497627785,36.2772663557148,60.3833403617814
DE,DEU,Germany,Germany,2020,Developed,8.73929564350723,1.14267776116663,11.9198828913893,41.239361213838,36.9587824900989,60.0417027303486
DE,DEU,Germany,Germany,2021,Developed,7.73280758373496,1.17257619444525,11.3897648567979,42.0839780049318,37.62087336009,57.3280012292927
DE,DEU,Germany,Germany,2022,Developed,7.6818396754389,1.16462897016939,10.6609317993825,42.5615327894189,37.9310667655903,57.9214681677502
DE,DEU,Germany,Germany,2023,Developed,NA,NA,NA,NA,NA,NA
DE,DEU,Germany,Germany,2024,Developed,NA,NA,NA,NA,NA,NA
ID,IDN,Indonesia,Indonesia,1990,ASEAN,27.4790062862948,14.6107705687144,8.94827423866626,8.83685867219056,40.125090234134,20.8082634403668
ID,IDN,Indonesia,Indonesia,1991,ASEAN,25.9730896390499,14.9774777935723,11.1961664130412,8.4237563164096,39.429509837927,22.9677584924424
ID,IDN,Indonesia,Indonesia,1992,ASEAN,25.0948206767353,16.595482154583,9.21782417242845,9.21060344161613,39.8812695546371,23.2023397968249
ID,IDN,Indonesia,Indonesia,1993,ASEAN,23.3266399687447,20.1982830575625,8.82910392424202,10.4614413940327,37.184531655418,22.7499027468813
ID,IDN,Indonesia,Indonesia,1994,ASEAN,20.2324150448374,21.3388870808543,9.05962081171767,12.6778610364694,36.6912160261212,25.9292909616167
ID,IDN,Indonesia,Indonesia,1995,ASEAN,19.0010608049737,18.8363775120319,8.48134985822736,12.9576421074929,40.7235697172741,27.5639166603751
ID,IDN,Indonesia,Indonesia,1996,ASEAN,15.989953317823,17.8350429830976,9.31983084581384,12.3040712094988,44.5511016437669,29.469358895006
ID,IDN,Indonesia,Indonesia,1997,ASEAN,15.9899536116926,17.8350424729843,9.31983116685453,12.304071715485,44.5511010329836,29.4693593290239
ID,IDN,Indonesia,Indonesia,1998,ASEAN,21.3191493988014,17.5459174560909,13.4805179492828,14.3742280563573,33.2801871394675,28.9349417809233
ID,IDN,Indonesia,Indonesia,1999,ASEAN,19.6876836226502,19.5781747232773,11.3928672773887,14.0190607999581,35.3222135767257,28.2535115004489
ID,IDN,Indonesia,Indonesia,2000,ASEAN,18.0031023100758,16.7271384785795,10.5325953984308,20.229452604979,34.507711207934904,34.5313490039379
ID,IDN,Indonesia,Indonesia,2001,ASEAN,20.9177405355554,12.5816748470392,10.9541382014974,13.9608065891778,41.5856398267302,27.141197332612
ID,IDN,Indonesia,Indonesia,2002,ASEAN,19.4532948071449,14.3737674203487,8.88495367672857,17.2934337898607,39.9945503059172,27.285696333101
ID,IDN,Indonesia,Indonesia,2003,ASEAN,25.0280972898572,13.5631843638103,11.7260799805268,17.4389969807494,32.2436413850564,30.444809039238802
ID,IDN,Indonesia,Indonesia,2004,ASEAN,24.7774198772885,12.6817808621277,9.48492946281515,18.5579847756953,34.4978850220734,30.2276710196203
ID,IDN,Indonesia,Indonesia,2005,ASEAN,25.0007660864584,11.5524221720274,10.9641775323116,20.1100134837948,32.3726207254078,32.9777148752693
ID,IDN,Indonesia,Indonesia,2006,ASEAN,25.5412879657164,13.0833144317218,11.3260465007821,17.952914256287,32.0964368454926,31.0998655557188
ID,IDN,Indonesia,Indonesia,2007,ASEAN,25.6984771735296,11.6849132601917,13.3416782960157,17.8418403743807,31.4330908958823,32.7172489613546
ID,IDN,Indonesia,Indonesia,2008,ASEAN,22.6819322444573,9.78588518303938,17.5811710611773,17.841766236052,32.109245275274,38.4119623320057
ID,IDN,Indonesia,Indonesia,2009,ASEAN,22.7836010590032,10.9329102727844,17.2121302921859,18.356293588659,30.7150647873675,37.8142768805472
ID,IDN,Indonesia,Indonesia,2010,ASEAN,23.630505335815,9.8955751550239,13.7783041367764,23.2342941853179,29.4613211870668,39.6800381597284
ID,IDN,Indonesia,Indonesia,2011,ASEAN,24.3276916135815,10.1774471942482,14.2462736917046,21.6321457989263,29.6164417015394,38.7986199931289
ID,IDN,Indonesia,Indonesia,2012,ASEAN,26.5715347078164,10.565020044525,12.4214786524646,20.5978450907252,29.8441215044688,37.4082290752756
ID,IDN,Indonesia,Indonesia,2013,ASEAN,28.3688387569034,11.317685225402,13.4724121476256,17.0788281935022,29.7622356765667,35.8150307805294
ID,IDN,Indonesia,Indonesia,2014,ASEAN,27.3748686518789,10.2178409605505,13.6350606568667,16.9605941729308,31.8116355577731,34.8903191574234
ID,IDN,Indonesia,Indonesia,2015,ASEAN,26.8803915417031,10.8851948570767,12.3767669028014,19.239467628118,30.6181790703007,35.3448928745466
ID,IDN,Indonesia,Indonesia,2016,ASEAN,26.214920262711,11.9907436373842,9.97058420814484,15.8216880710984,36.0020638206616,30.9740852677118
ID,IDN,Indonesia,Indonesia,2017,ASEAN,22.8883061217563,12.514693281854,12.7967835133239,16.0034342624128,35.796782820653,37.397476045708
ID,IDN,Indonesia,Indonesia,2018,ASEAN,23.9470418169044,12.8840746398435,10.788178635938,15.8925869132445,36.4881179940696,34.9988030782813
ID,IDN,Indonesia,Indonesia,2019,ASEAN,25.2138795205233,13.3263295750382,10.0788638018011,15.3371816919003,36.043745410737,32.5868026307006
ID,IDN,Indonesia,Indonesia,2020,ASEAN,27.8521264583058,11.2287431607818,12.1017554579988,13.4369693710031,35.3804055519105,30.9864806643369
ID,IDN,Indonesia,Indonesia,2021,ASEAN,28.8796497016185,10.2362994652476,12.156778460039,13.1572274689565,35.5700449041384,29.8240618781689
ID,IDN,Indonesia,Indonesia,2022,ASEAN,28.1277282359746,9.96978330676964,11.8402599853634,15.2219306482797,34.8402978236126,29.8240425126733
ID,IDN,Indonesia,Indonesia,2023,ASEAN,NA,NA,NA,NA,NA,NA
ID,IDN,Indonesia,Indonesia,2024,ASEAN,NA,NA,NA,NA,NA,NA
JP,JPN,Japan,Japan,1990,Developed,8.85674013723455,4.74435030436331,9.51348337231456,24.911324174037,51.9741020120506,50.8728179551122
JP,JPN,Japan,Japan,1991,Developed,8.91223462464434,4.70416575472386,9.26242066097614,24.6107828117021,52.5103961479536,50.5690523090392
JP,JPN,Japan,Japan,1992,Developed,9.62753687437541,4.74125947688354,9.77255479498373,23.9685318626162,51.8901169911411,49.3286346525205
JP,JPN,Japan,Japan,1993,Developed,10.1768585131894,4.44512810803988,10.0285561024864,23.2006500063107,52.1488072699735,48.7978038621734
JP,JPN,Japan,Japan,1994,Developed,10.6974963495851,4.4508351437017,10.104526514477,30.8887424765839,43.8583995156523,47.1838384557855
JP,JPN,Japan,Japan,1995,Developed,10.5767589526508,4.12811934591882,10.2029495101219,32.0921380534599,43.0000341378486,48.6029085447035
JP,JPN,Japan,Japan,1996,Developed,10.3737675229727,3.87349922865383,9.95036555100946,33.2458582064525,42.5565094909115,49.6344489905426
JP,JPN,Japan,Japan,1997,Developed,10.2772075635441,3.71251189105292,10.0936263956341,33.490211785911,42.4264423638579,50.0158547372286
JP,JPN,Japan,Japan,1998,Developed,11.076645722315,3.60030753731541,9.98170683210053,33.3943105596649,41.9470293486042,49.503786774128
JP,JPN,Japan,Japan,1999,Developed,11.6976582425226,3.38696962670995,10.6107118015303,32.9960584280083,41.3086019012288,49.7778808254115
JP,JPN,Japan,Japan,2000,Developed,11.4292973286876,3.04061411149826,10.4003339140534,33.9022575493612,41.2274970963995,50.9010235191638
JP,JPN,Japan,Japan,2001,Developed,12.0082114049443,2.90110486002847,10.8559033997928,32.8979093840478,41.3368709511867,50.1195882677615
JP,JPN,Japan,Japan,2002,Developed,12.4864010509678,2.7382638504013,11.2825091857052,35.0483404150502,38.4444854978755,52.0054601063284
JP,JPN,Japan,Japan,2003,Developed,11.9690963104158,2.56415455900394,11.3445335550396,35.9731924687465,38.1490231067941,53.0584310902473
JP,JPN,Japan,Japan,2004,Developed,11.5846929928273,2.32127374477812,11.2378812958146,36.3245842200678,38.5315677465122,53.387325608891
JP,JPN,Japan,Japan,2005,Developed,10.9817598639719,2.14959230204429,10.7257410055261,37.207752057812,38.9351547706457,53.9407582022646
JP,JPN,Japan,Japan,2006,Developed,10.7103347618738,1.99592819492605,10.1915979510826,38.3753683682102,38.7267707239074,54.8345712984224
JP,JPN,Japan,Japan,2007,Developed,10.8276795330897,1.9322648648151,9.91540012335564,39.1976359903893,38.1270194883503,55.402332710418
JP,JPN,Japan,Japan,2008,Developed,11.379421119908,1.90255056035038,10.2139894370733,39.2407267214301,37.2633121612382,53.7964862909858
JP,JPN,Japan,Japan,2009,Developed,14.4147596790334,2.0348583448112,11.8532734007149,35.2862470226116,36.4108615528289,51.7148808039326
JP,JPN,Japan,Japan,2010,Developed,12.8469194398764,1.71307227798948,11.6536782718301,37.5361491704372,36.2501808398668,53.6952077324694
JP,JPN,Japan,Japan,2011,Developed,12.7673285711165,1.92127050702318,11.1409659872862,43.3372654389759,30.8331694955982,54.4782314262621
JP,JPN,Japan,Japan,2012,Developed,12.8934968893728,1.7557287147467,11.4263232216683,38.1494144534994,35.7750367207127,55.0050246411578
JP,JPN,Japan,Japan,2013,Developed,12.550245652827,1.65385657902919,11.6342160063573,38.3883559519204,35.7733258098662,55.3372312170038
JP,JPN,Japan,Japan,2014,Developed,12.3766927666362,1.5851783536543,10.9537023936,39.5843693855458,35.5000571005637,56.2087031253911
JP,JPN,Japan,Japan,2015,Developed,12.9376007345817,1.74377575213718,10.758636185575,46.0121053744741,28.547881953232,56.7707415600491
JP,JPN,Japan,Japan,2016,Developed,13.1063330392351,1.66791834071907,11.3664085119753,45.2038231615503,28.6555169465202,56.5702316735256
JP,JPN,Japan,Japan,2017,Developed,12.5263109970244,1.54416838682225,11.0952805501594,45.8105966792873,29.0236433867067,56.9058772294467
JP,JPN,Japan,Japan,2018,Developed,12.4969120536188,1.51839234843176,11.0287676852823,46.1917382920979,28.7641896205692,57.2205059773802
JP,JPN,Japan,Japan,2019,Developed,13.07734267652,1.56542413553335,11.4885952927783,44.5752287589837,29.2934091361846,56.063824051762
JP,JPN,Japan,Japan,2020,Developed,13.4570976627455,1.50867649790997,11.9350228388631,42.7369697097136,30.3622332907678,54.671992548576704
JP,JPN,Japan,Japan,2021,Developed,12.1170792580647,1.48194467531357,11.222880845124,44.2280028537331,30.9500923677646,54.6719925508647
JP,JPN,Japan,Japan,2022,Developed,12.0764359066103,1.43453069219371,11.2540996495071,46.5815080332651,28.6534257184237,54.6719925484246
JP,JPN,Japan,Japan,2023,Developed,NA,NA,NA,NA,NA,NA
JP,JPN,Japan,Japan,2024,Developed,NA,NA,NA,NA,NA,NA
KR,KOR,"Korea, Rep.",South Korea,1990,Developed,10.7015188979159,13.8156128576475,9.19816319321794,30.1518897915931,36.1328152596256,41.6149770399152
KR,KOR,"Korea, Rep.",South Korea,1991,Developed,10.5762217359592,13.4231762240515,9.09543491600384,29.8889699327336,37.0161971912519,40.498766975791
KR,KOR,"Korea, Rep.",South Korea,1992,Developed,10.5590385536648,13.3084084897211,9.62487763220929,29.0173085334611,37.4903667909437,39.7950469684031
KR,KOR,"Korea, Rep.",South Korea,1993,Developed,10.0651474802576,12.7862296471716,9.8780903587258,30.0645946020659,37.2059379117791,41.7376961565751
KR,KOR,"Korea, Rep.",South Korea,1994,Developed,9.39250389618405,11.4578672057031,9.76514882651565,32.7526347462465,36.6318453253507,43.8787476661472
KR,KOR,"Korea, Rep.",South Korea,1995,Developed,8.4114669894449,10.1806847330494,9.31583139436434,36.086773827368,36.0052430557733,47.1191415436911
KR,KOR,"Korea, Rep.",South Korea,1996,Developed,8.87461541993847,9.51806952289112,9.23566147770584,36.4960738393718,35.8755797400928,47.8417596546815
KR,KOR,"Korea, Rep.",South Korea,1997,Developed,8.61349178300053,8.80014136773281,9.82340077752253,37.0317193850504,35.7312466866938,48.1390263297402
KR,KOR,"Korea, Rep.",South Korea,1998,Developed,8.89251017070949,8.64694199725009,11.4721076426021,35.1609490021671,35.8274911872712,46.971985990166
KR,KOR,"Korea, Rep.",South Korea,1999,Developed,8.83460985283945,8.40910335080149,9.4676440874503,38.9420564654593,34.3465862434494,49.4642599421709
KR,KOR,"Korea, Rep.",South Korea,2000,Developed,8.25696017354291,8.00311720982377,9.53802403532838,41.2971056433347,32.9047929379703,52.5003759792551
KR,KOR,"Korea, Rep.",South Korea,2001,Developed,8.09061488673139,7.80755604835438,9.48247108562981,41.097168510155,33.5221894691295,51.8678277487808
KR,KOR,"Korea, Rep.",South Korea,2002,Developed,7.79427665844015,7.05141432733816,9.96879978209372,42.2738190552442,32.9116901768838,53.3895157363004
KR,KOR,"Korea, Rep.",South Korea,2003,Developed,7.51937893588826,6.58434283614587,9.62321016030866,43.0214331226375,33.2516349450197,54.0280432649647
KR,KOR,"Korea, Rep.",South Korea,2004,Developed,7.29732594810908,5.50049028701667,8.95966395462857,44.3573927331514,33.8851270770943,54.8008374632285
KR,KOR,"Korea, Rep.",South Korea,2005,Developed,6.59925254081773,5.29199822246662,8.64853113720576,43.9699737526096,35.4902443469003,54.1447538787633
KR,KOR,"Korea, Rep.",South Korea,2006,Developed,6.25386022065324,4.88931006503336,7.82701367275017,46.2857108255725,34.7441052159907,55.1175929177818
KR,KOR,"Korea, Rep.",South Korea,2007,Developed,6.60145999998265,4.31839642413902,6.82948518948257,49.5298750454688,32.7207833409269,55.1279009531188
KR,KOR,"Korea, Rep.",South Korea,2008,Developed,6.26805943070131,4.1290750710935,6.9348683201337,47.9478415885112,34.7201555895603,52.9169226631754
KR,KOR,"Korea, Rep.",South Korea,2009,Developed,6.48783058625486,4.30463717197155,7.06114184237527,50.1825742491044,31.9638161502939,55.3138334906952
KR,KOR,"Korea, Rep.",South Korea,2010,Developed,6.45152447278071,4.28054828069581,7.02162746021463,49.799546647867,32.4467531384418,61.2256222243072
KR,KOR,"Korea, Rep.",South Korea,2011,Developed,5.37242685699313,3.78541953322979,10.4556204384329,49.2627698889724,31.1237632823718,58.3914882050646
KR,KOR,"Korea, Rep.",South Korea,2012,Developed,5.84302089497792,3.53951624821016,10.6448174526886,48.3314759520365,31.6411694520868,59.3803622471837
KR,KOR,"Korea, Rep.",South Korea,2013,Developed,6.12542260786937,3.56251811462726,10.732849883796,48.8167651497039,30.7624442440035,60.0621988949184
KR,KOR,"Korea, Rep.",South Korea,2014,Developed,6.394729080856,3.54047666131468,10.3531406828315,48.6253285384048,31.0863250365931,59.7844131119989
KR,KOR,"Korea, Rep.",South Korea,2015,Developed,6.65618491227406,3.46325983878539,10.297166029674,48.7338731647086,30.8495160545579,60.3488208763321
KR,KOR,"Korea, Rep.",South Korea,2016,Developed,6.83124372113754,3.43353835188839,10.7864581006654,47.4356299999289,31.5131298263798,59.8384922458745
KR,KOR,"Korea, Rep.",South Korea,2017,Developed,6.61078717512382,3.07979464900746,10.735695438918,48.3311438654576,31.2425788714932,61.4677865821108
KR,KOR,"Korea, Rep.",South Korea,2018,Developed,6.39699120421571,2.90370699441776,11.0589322706218,48.1927317816146,31.4476377491302,62.1293858486919
KR,KOR,"Korea, Rep.",South Korea,2019,Developed,6.87164788109921,2.91092796865623,11.0052642618245,47.3049515549,31.90720833352,61.4652011933441
KR,KOR,"Korea, Rep.",South Korea,2020,Developed,7.49004854123161,3.03285682172029,11.2458346256169,47.5595622083988,30.6716978030324,62.9189280633333
KR,KOR,"Korea, Rep.",South Korea,2021,Developed,6.70135217820264,2.72885518740117,11.8177834351636,48.2290209796317,30.5229882196009,64.1412055402488
KR,KOR,"Korea, Rep.",South Korea,2022,Developed,6.52380897560638,2.60164654201885,10.8934090920277,45.2769999691045,34.7041354212426,65.5677181265476
KR,KOR,"Korea, Rep.",South Korea,2023,Developed,NA,NA,NA,NA,NA,NA
KR,KOR,"Korea, Rep.",South Korea,2024,Developed,NA,NA,NA,NA,NA,NA
LA,LAO,Lao PDR,Lao PDR,1990,ASEAN,NA,NA,NA,NA,NA,8.27348553984535
LA,LAO,Lao PDR,Lao PDR,1991,ASEAN,NA,NA,NA,NA,NA,8.27348553984535
LA,LAO,Lao PDR,Lao PDR,1992,ASEAN,NA,NA,NA,NA,NA,8.27348553984535
LA,LAO,Lao PDR,Lao PDR,1993,ASEAN,NA,NA,NA,NA,NA,8.27348553984535
LA,LAO,Lao PDR,Lao PDR,1994,ASEAN,NA,NA,NA,NA,NA,8.27348553984535
LA,LAO,Lao PDR,Lao PDR,1995,ASEAN,NA,NA,NA,NA,NA,8.27348553984535
LA,LAO,Lao PDR,Lao PDR,1996,ASEAN,NA,NA,NA,NA,NA,8.27348553984535
LA,LAO,Lao PDR,Lao PDR,1997,ASEAN,NA,NA,NA,NA,NA,8.27348553984535
LA,LAO,Lao PDR,Lao PDR,1998,ASEAN,NA,NA,NA,NA,NA,8.27348553984535
LA,LAO,Lao PDR,Lao PDR,1999,ASEAN,45.6763469172897,22.0003850886128,2.72042163438849,8.08171706290988,21.5211292967991,8.27348553984535
LA,LAO,Lao PDR,Lao PDR,2000,ASEAN,41.8716767113587,20.32826136344,2.49382060695212,7.62245771760715,27.683783600642,10.2525291403282
LA,LAO,Lao PDR,Lao PDR,2001,ASEAN,41.8716767116666,20.3282613633038,2.49382060700591,7.62245771764893,27.6837836003748,10.2525291404583
LA,LAO,Lao PDR,Lao PDR,2002,ASEAN,41.7100634626414,20.3282613640177,2.49382060707186,7.62245771798049,27.8453968482885,10.2525291408446
LA,LAO,Lao PDR,Lao PDR,2003,ASEAN,41.3447135271541,20.3282613628609,2.49382060694352,7.62245771764126,28.2107467854001,10.2525291403794
LA,LAO,Lao PDR,Lao PDR,2004,ASEAN,41.0412246689358,20.328261363431,2.49382060698516,7.62245771789836,28.5142356427497,10.2525291406812
LA,LAO,Lao PDR,Lao PDR,2005,ASEAN,40.941394463932,20.3282613632294,2.49382060699388,7.62245771745352,28.6140658483911,10.252529140247301
LA,LAO,Lao PDR,Lao PDR,2006,ASEAN,40.857288908367,20.3282613633018,2.49382060697159,7.6224577177783,28.6981714035813,10.2525291405362
LA,LAO,Lao PDR,Lao PDR,2007,ASEAN,40.6997824443969,20.3282613629734,2.4938206068758,7.62245771777709,28.8556778679767,10.2525291404598
LA,LAO,Lao PDR,Lao PDR,2008,ASEAN,33.3560773865388,15.7184220039041,2.2667713817569,0.917711836714484,47.7410173910857,3.77477524561918
LA,LAO,Lao PDR,Lao PDR,2009,ASEAN,33.3560773854341,15.718422003887,2.26677138166745,0.917711836743002,47.7410173922684,3.77477524554896
LA,LAO,Lao PDR,Lao PDR,2010,ASEAN,33.3560773852565,15.7184220036972,2.2667713816923998,0.917711836713318,47.7410173926406,3.77477524554387
LA,LAO,Lao PDR,Lao PDR,2011,ASEAN,33.3560773857331,15.7184220038761,2.26677138172346,0.917711836715309,47.741017391952,3.77477524557722
LA,LAO,Lao PDR,Lao PDR,2012,ASEAN,33.3560773844061,15.7184220034076,2.26677138164859,0.917711836700782,47.7410173938369,3.77477524547142
LA,LAO,Lao PDR,Lao PDR,2013,ASEAN,33.3560773877264,15.7184220052738,2.26677138183692,0.917711836797861,47.7410173883651,3.77477524581395
LA,LAO,Lao PDR,Lao PDR,2014,ASEAN,33.3560773853417,15.7184220038287,2.26677138159528,0.917711836712052,47.7410173925223,3.77477524543575
LA,LAO,Lao PDR,Lao PDR,2015,ASEAN,33.3560773856466,15.7184220038399,2.2667713816742,4.35493230806367,44.3037969207756,3.77477524553712
LA,LAO,Lao PDR,Lao PDR,2016,ASEAN,33.3560778456374,15.7184218884072,2.26677152992052,0.91771189674315,47.7410168392917,3.77477549240763
LA,LAO,Lao PDR,Lao PDR,2017,ASEAN,33.3560778447435,15.7184218884022,2.26677152988959,0.91771189672488,47.7410168402399,3.77477549234693
LA,LAO,Lao PDR,Lao PDR,2018,ASEAN,NA,NA,NA,NA,NA,3.77477549234693
LA,LAO,Lao PDR,Lao PDR,2019,ASEAN,NA,NA,NA,NA,NA,3.77477549234693
LA,LAO,Lao PDR,Lao PDR,2020,ASEAN,NA,NA,NA,NA,NA,3.77477549234693
LA,LAO,Lao PDR,Lao PDR,2021,ASEAN,NA,NA,NA,NA,NA,3.77477549234693
LA,LAO,Lao PDR,Lao PDR,2022,ASEAN,NA,NA,NA,NA,NA,3.77477549234693
LA,LAO,Lao PDR,Lao PDR,2023,ASEAN,NA,NA,NA,NA,NA,NA
LA,LAO,Lao PDR,Lao PDR,2024,ASEAN,NA,NA,NA,NA,NA,NA
MY,MYS,Malaysia,Malaysia,1990,ASEAN,13.1618426416633,6.48471259682022,10.8006522625357,9.28903383611904,60.2637586628618,42.6090501426824
MY,MYS,Malaysia,Malaysia,1991,ASEAN,10.6040462427746,6.35035324341683,12.223506743738,10.5028901734104,60.3192035966602,47.4868336544637
MY,MYS,Malaysia,Malaysia,1992,ASEAN,10.7068577452349,5.98022735690475,11.1199749280606,9.02589817373714,63.1670417960626,47.4230035043733
MY,MYS,Malaysia,Malaysia,1993,ASEAN,9.96500869415881,5.57094028102765,10.2872530990085,9.60483915209888,64.5719587737062,48.2030879171467
MY,MYS,Malaysia,Malaysia,1994,ASEAN,9.3398207219575209,5.38621497213922,8.16986998304127,9.52333844787208,67.5807558749899,48.7305176451587
MY,MYS,Malaysia,Malaysia,1995,ASEAN,10.3382408924502,5.17431925016477,8.00129466988433,10.0616980635294,66.4244471239713,48.1984467315455
MY,MYS,Malaysia,Malaysia,1996,ASEAN,8.80380327208884,4.62017601735571,7.79469487715688,11.8158918846382,66.9654339487604,50.9499793118102
MY,MYS,Malaysia,Malaysia,1997,ASEAN,8.36785680002829,4.88637569278493,8.58876488508738,11.7797436506293,66.3772589714701,51.3898642469927
MY,MYS,Malaysia,Malaysia,1998,ASEAN,8.36785680036966,4.88637569298919,8.58876488549782,11.7797436502057,66.3772589709376,51.3898642466339
MY,MYS,Malaysia,Malaysia,1999,ASEAN,9.84451532065155,4.13589247066864,10.5730721038843,8.49789269848502,66.9486274063105,57.1881763298781
MY,MYS,Malaysia,Malaysia,2000,ASEAN,7.99147344786706,4.05538955628966,7.9346619448311,37.7817809872628,42.2366940637494,49.924153758753
MY,MYS,Malaysia,Malaysia,2001,ASEAN,8.82513718646847,3.79917162500263,8.23434182032252,37.9212833505035,41.2200660177028,49.633118180098
MY,MYS,Malaysia,Malaysia,2002,ASEAN,8.68306010928962,3.32422586520947,9.21402550091075,35.5783242258652,43.2003642987249,48.0346083788707
MY,MYS,Malaysia,Malaysia,2003,ASEAN,8.44196864411646,2.83203846059184,10.3083902831218,35.5194394992247,42.8981631129452,48.8108227842909
MY,MYS,Malaysia,Malaysia,2004,ASEAN,7.84562604715934,2.82941547656176,11.9450508801578,34.3011322013737,43.078775394747304,50.0148687560291
MY,MYS,Malaysia,Malaysia,2005,ASEAN,9.24541070975383,2.50317232044666,12.7383470095593,31.4753404957279,44.0377294645123,47.3817781913544
MY,MYS,Malaysia,Malaysia,2006,ASEAN,8.9767371305765309,2.34060918825976,14.6568936588641,30.4096701340362,43.6160898882634,48.952589515962
MY,MYS,Malaysia,Malaysia,2007,ASEAN,9.07170754393729,1.98721299779707,12.1660860895794,29.81220541664,46.9627879520463,46.1165830687257
MY,MYS,Malaysia,Malaysia,2008,ASEAN,11.2100410572709,1.90550783320301,12.2261337513926,26.7291549888115,47.929162369322,41.7645909829249
MY,MYS,Malaysia,Malaysia,2009,ASEAN,11.601793323302,2.28920002840222,11.7558292923138,28.9756071198934,45.3775702360886,41.3127280689078
MY,MYS,Malaysia,Malaysia,2010,ASEAN,11.9653206147259,1.94548644974717,11.5525460299304,27.8475606269294,46.6890862786672,40.7037079980506
MY,MYS,Malaysia,Malaysia,2011,ASEAN,11.965320614942,1.94548644967354,11.5525460303413,27.8475606278857,46.6890862771575,41.6568750322456
MY,MYS,Malaysia,Malaysia,2012,ASEAN,12.7262311336345,1.55210360740822,10.3824317873012,29.3695665479294,45.9696669237266,41.1749354289841
MY,MYS,Malaysia,Malaysia,2013,ASEAN,12.7262311332879,1.55210360722151,10.3824317871398,29.3695665478234,45.9696669245275,42.1122984830348
MY,MYS,Malaysia,Malaysia,2014,ASEAN,14.0876322388018,1.73350470273101,9.08363700220036,31.0555851907543,44.0396408655125,41.6267032701817
MY,MYS,Malaysia,Malaysia,2015,ASEAN,12.5273123411723,1.94494205388806,9.89875473614859,30.999633631536,44.6293572372551,43.1011106953922
MY,MYS,Malaysia,Malaysia,2016,ASEAN,12.5273123407821,1.9449420535486,9.89875473619138,30.9996336312179,44.6293572382601,44.1179581993433
MY,MYS,Malaysia,Malaysia,2017,ASEAN,12.5315896493077,2.0545557622139,9.51768799305954,31.4084860060107,44.4876805894082,44.013704066839
MY,MYS,Malaysia,Malaysia,2018,ASEAN,11.8827774652049,2.01961497022025,9.70345203040226,30.8034562281712,45.5906993060014,43.5723859695593
MY,MYS,Malaysia,Malaysia,2019,ASEAN,11.6233790445359,2.03862751714758,9.28962930028867,31.0023095296061,46.0460546084218,43.3175761438219
MY,MYS,Malaysia,Malaysia,2020,ASEAN,12.6718109087623,1.86732115367858,9.06819509392921,32.3279793197595,44.0646935238704,44.5944149150748
MY,MYS,Malaysia,Malaysia,2021,ASEAN,NA,NA,NA,NA,NA,44.5944149153129
MY,MYS,Malaysia,Malaysia,2022,ASEAN,10.9144810392096,1.60836059442055,7.81061555648979,27.8447271560959,51.8218156537841,44.5944149160573
MY,MYS,Malaysia,Malaysia,2023,ASEAN,NA,NA,NA,NA,NA,NA
MY,MYS,Malaysia,Malaysia,2024,ASEAN,NA,NA,NA,NA,NA,NA
MM,MMR,Myanmar,Myanmar,1990,ASEAN,NA,NA,NA,NA,NA,11.0983362002991
MM,MMR,Myanmar,Myanmar,1991,ASEAN,NA,NA,NA,NA,NA,11.0983362002991
MM,MMR,Myanmar,Myanmar,1992,ASEAN,NA,NA,NA,NA,NA,11.0983362002991
MM,MMR,Myanmar,Myanmar,1993,ASEAN,NA,NA,NA,NA,NA,11.0983362002991
MM,MMR,Myanmar,Myanmar,1994,ASEAN,NA,NA,NA,NA,NA,11.0983362002991
MM,MMR,Myanmar,Myanmar,1995,ASEAN,NA,NA,NA,NA,NA,11.0983362002991
MM,MMR,Myanmar,Myanmar,1996,ASEAN,NA,NA,NA,NA,NA,11.0983362002991
MM,MMR,Myanmar,Myanmar,1997,ASEAN,NA,NA,NA,NA,NA,11.0983362002991
MM,MMR,Myanmar,Myanmar,1998,ASEAN,NA,NA,NA,NA,NA,11.0983362002991
MM,MMR,Myanmar,Myanmar,1999,ASEAN,NA,NA,NA,NA,NA,11.0983362002991
MM,MMR,Myanmar,Myanmar,2000,ASEAN,NA,NA,NA,NA,NA,11.0983362002991
MM,MMR,Myanmar,Myanmar,2001,ASEAN,NA,NA,NA,NA,NA,11.0983362002991
MM,MMR,Myanmar,Myanmar,2002,ASEAN,NA,NA,NA,NA,NA,11.0983362002991
MM,MMR,Myanmar,Myanmar,2003,ASEAN,NA,NA,NA,NA,NA,11.0983362002991
MM,MMR,Myanmar,Myanmar,2004,ASEAN,NA,NA,NA,NA,NA,11.0983362002991
MM,MMR,Myanmar,Myanmar,2005,ASEAN,NA,NA,NA,NA,NA,11.0983362002991
MM,MMR,Myanmar,Myanmar,2006,ASEAN,NA,NA,NA,NA,NA,11.0983362002991
MM,MMR,Myanmar,Myanmar,2007,ASEAN,NA,NA,NA,NA,NA,11.0983362002991
MM,MMR,Myanmar,Myanmar,2008,ASEAN,NA,NA,NA,NA,NA,11.0983362002991
MM,MMR,Myanmar,Myanmar,2009,ASEAN,NA,NA,NA,NA,NA,11.0983362002991
MM,MMR,Myanmar,Myanmar,2010,ASEAN,NA,NA,NA,NA,NA,27.6009112523685
MM,MMR,Myanmar,Myanmar,2011,ASEAN,NA,NA,NA,NA,NA,15.610689424739
MM,MMR,Myanmar,Myanmar,2012,ASEAN,NA,NA,NA,NA,NA,11.65960129128
MM,MMR,Myanmar,Myanmar,2013,ASEAN,NA,NA,NA,NA,NA,4.50506245680004
MM,MMR,Myanmar,Myanmar,2014,ASEAN,14.0644052593205,45.9207806681899,11.6272348280521,12.4861516895564,15.9014275548811,24.2341648821621
MM,MMR,Myanmar,Myanmar,2015,ASEAN,11.1437407791543,50.7603656451878,12.8219018410416,10.6496814621482,14.6243102724681,23.6249574110086
MM,MMR,Myanmar,Myanmar,2016,ASEAN,2.50699049882838,50.686244787692,37.3598467714908,0.932110954229057,8.51480698775967,40.4392313151655
MM,MMR,Myanmar,Myanmar,2017,ASEAN,0.4407995371576,14.6125113998449,76.429973904323,0.215387565157008,8.30132759351757,76.6301242815221
MM,MMR,Myanmar,Myanmar,2018,ASEAN,1.35088682091624,16.7148349666031,73.0610437710228,0.153907707098011,8.71932673435986,73.25053875826
MM,MMR,Myanmar,Myanmar,2019,ASEAN,0.332825020980281,17.3976701926639,77.2461351429201,0.160417277484506,4.86295236595125,77.3678220763375
MM,MMR,Myanmar,Myanmar,2020,ASEAN,0.29339686754052,16.536637571767,78.6157136217819,0.0459348920998797,4.5083170468107,78.6216273064914
MM,MMR,Myanmar,Myanmar,2021,ASEAN,0.392351100569415,NA,92.579096937542,0.136971332991248,6.89158062889738,92.579096937542
MM,MMR,Myanmar,Myanmar,2022,ASEAN,0.511822306926846,NA,93.0886249047746,0.0681926061118334,6.33136018218673,92.579096937542
MM,MMR,Myanmar,Myanmar,2023,ASEAN,NA,NA,NA,NA,NA,NA
MM,MMR,Myanmar,Myanmar,2024,ASEAN,NA,NA,NA,NA,NA,NA
PH,PHL,Philippines,Philippines,1990,ASEAN,38.8741229496771,10.6756191626783,11.801960875424,3.85809209609219,34.7902049161284,24.5443984944937
PH,PHL,Philippines,Philippines,1991,ASEAN,32.7585586953308,10.9480185856229,14.0974266982553,3.53853959832362,38.6574564224673,28.5939728566806
PH,PHL,Philippines,Philippines,1992,ASEAN,31.3280143886496,9.91969557898336,15.0660904270144,4.89593126744234,38.7902683379103,29.7211827529441
PH,PHL,Philippines,Philippines,1993,ASEAN,34.7041059329909,10.1858079423001,14.002418872824,5.19933972393561,35.9083275279494,29.0102277270485
PH,PHL,Philippines,Philippines,1994,ASEAN,32.2588821713048,9.85401302679494,13.0336547068787,4.70367948202894,40.1497706129927,27.9538998867369
PH,PHL,Philippines,Philippines,1995,ASEAN,32.0144490164075,8.33079750540518,11.7101953480015,6.01497538576097,41.9295827444248,29.0174176481949
PH,PHL,Philippines,Philippines,1996,ASEAN,28.8794235722506,6.69538370152746,10.6165734015237,16.3431033462068,37.4655159784913,29.9861632456069
PH,PHL,Philippines,Philippines,1997,ASEAN,28.9107553289752,6.88660399109272,10.4505194721504,18.1555874582024,35.5965337495793,31.7297420181726
PH,PHL,Philippines,Philippines,1998,ASEAN,34.8013806475382,6.78701839922156,9.72096164853009,20.6606496776442,28.0299896270659,32.7086714472103
PH,PHL,Philippines,Philippines,1999,ASEAN,27.9621153717655,6.83293256317171,9.92626594360253,22.7860576137647,32.4926285076956,37.3159555387967
PH,PHL,Philippines,Philippines,2000,ASEAN,27.9621153711838,6.83293256316793,9.92626594352847,22.7860576138353,32.4926285082845,38.1344509566372
PH,PHL,Philippines,Philippines,2001,ASEAN,28.5200613864741,7.47326560402466,9.37767995620838,27.0741557730655,27.5548372802273,40.229319535496
PH,PHL,Philippines,Philippines,2002,ASEAN,28.520061385796,7.47326560411972,9.37767995615089,27.0741557731241,27.5548372808093,41.1068137682098
PH,PHL,Philippines,Philippines,2003,ASEAN,23.6781801307312,6.52633254336079,8.67553870157503,26.4840072604193,34.6359413639137,38.5326345234704
PH,PHL,Philippines,Philippines,2004,ASEAN,23.6781801311404,6.52633254323444,8.67553870149606,26.4840072600979,34.6359413640313,39.5515829411691
PH,PHL,Philippines,Philippines,2005,ASEAN,23.5465905805461,6.17591313566128,7.86843019809064,24.7649809151945,37.6440851705075,38.8651038639795
PH,PHL,Philippines,Philippines,2006,ASEAN,22.3418151340925,4.91714603726088,6.4623267467244,33.4340370706655,32.8446750112567,45.3125208973877
PH,PHL,Philippines,Philippines,2007,ASEAN,22.3688399948779,4.92309386159063,6.47014363546816,33.4744791844401,32.7634433236232,45.7253041884352
PH,PHL,Philippines,Philippines,2008,ASEAN,25.1128139736892,3.1447575679122,5.72332811505695,24.9389655230818,41.0801348202598,33.1154077877331
PH,PHL,Philippines,Philippines,2009,ASEAN,22.8077033330727,2.62464192571299,5.02476701366546,33.9506544064436,35.5922333211052,41.5376196003199
PH,PHL,Philippines,Philippines,2010,ASEAN,20.9410421674784,2.52404145998046,7.35259045047365,30.5284880199337,38.6538379021338,37.0594228452994
PH,PHL,Philippines,Philippines,2011,ASEAN,21.5285967422323,2.53221075385894,7.37638779049901,30.6272962994124,37.9355084139973,41.5185856306896
PH,PHL,Philippines,Philippines,2012,ASEAN,27.1697731090658,2.74005803735283,5.059628130382,48.190854308422,16.8396864147774,53.0366211461363
PH,PHL,Philippines,Philippines,2013,ASEAN,34.5828903543798,3.29974152240222,8.27178039250007,32.091003209339,21.7545845213789,41.163875194803
PH,PHL,Philippines,Philippines,2014,ASEAN,32.2330813203024,3.09359303409984,7.47242605701218,34.7935913577382,22.4073082308473,43.0309676929823
PH,PHL,Philippines,Philippines,2015,ASEAN,35.6254675501637,3.3194861378196,5.99939420338181,34.5502221981688,20.5054299104661,41.6787200407822
PH,PHL,Philippines,Philippines,2016,ASEAN,35.4374057670192,3.4089393661268,6.00980885903766,33.4841061026102,21.6597399052061,40.7822298366916
PH,PHL,Philippines,Philippines,2017,ASEAN,32.7461593975051,3.35388514060444,5.80499215366583,39.5519279101409,18.5430353980836,46.3621574289063
PH,PHL,Philippines,Philippines,2018,ASEAN,35.3074883153024,3.20083913615021,11.4768816694348,24.6278803984307,25.3869104806819,37.548063992733
PH,PHL,Philippines,Philippines,2019,ASEAN,37.8716163610953,2.3681174832539,5.17098540050242,19.5923731479451,34.9969076072033,26.464330330383
PH,PHL,Philippines,Philippines,2020,ASEAN,39.0672173291909,1.90419421095784,3.47219535762761,28.8420786997719,26.7143144024517,34.0397090631579
PH,PHL,Philippines,Philippines,2021,ASEAN,32.6388716294633,2.1327438511997,4.4593984625283,22.3613606609448,38.4076253958639,28.5648338001348
PH,PHL,Philippines,Philippines,2022,ASEAN,33.6835140496324,2.40279696790889,6.3655897715978,34.237016728425,23.3110824824358,28.954886379675
PH,PHL,Philippines,Philippines,2023,ASEAN,NA,NA,NA,NA,NA,NA
PH,PHL,Philippines,Philippines,2024,ASEAN,NA,NA,NA,NA,NA,NA
SG,SGP,Singapore,Singapore,1990,ASEAN,4.40236925193064,3.23469163902879,9.93361355349839,30.4307482544863,51.9985773010559,64.7593028497484
SG,SGP,Singapore,Singapore,1991,ASEAN,4.26303492255188,2.92097745447846,10.6128386956186,48.6884373444822,33.5147115828688,59.5442494612981
SG,SGP,Singapore,Singapore,1992,ASEAN,4.29535974847297,2.63672452493324,9.49920335936773,50.9244520037016,32.6442603635244,60.9247037202216
SG,SGP,Singapore,Singapore,1993,ASEAN,4.1049707024411,2.0935640466531,8.86643693471058,53.1483125794596,31.7867157367356,62.8366097717308
SG,SGP,Singapore,Singapore,1994,ASEAN,4.07024924631078,1.66366407572519,8.78657959163534,54.3760423572928,31.1034647290359,64.1836957436119
SG,SGP,Singapore,Singapore,1995,ASEAN,3.64027949449814,1.26650387972113,9.12556657505601,56.6879966185817,29.279653432143,67.4457643458289
SG,SGP,Singapore,Singapore,1996,ASEAN,3.54666647988477,0.987644458379769,9.25020146889001,57.396142750015,28.8193448428305,68.6753392424023
SG,SGP,Singapore,Singapore,1997,ASEAN,3.57472342368404,0.944423260760375,10.1625137225815,56.4805944242843,28.8377451686898,68.9265002097805
SG,SGP,Singapore,Singapore,1998,ASEAN,3.51462844788383,1.167619843699,13.1656261508878,52.1181833346818,30.0339422228476,68.0066501828527
SG,SGP,Singapore,Singapore,1999,ASEAN,3.37830856787753,1.15066087124294,12.3621979323774,54.5672227005778,28.5416099279243,70.1626635586708
SG,SGP,Singapore,Singapore,2000,ASEAN,2.54720099949092,0.957492034420965,14.1616284386222,56.8591217448966,25.4745567825692,74.1997650434344
SG,SGP,Singapore,Singapore,2001,ASEAN,3.12919488841511,1.01171013301473,16.5320313581712,53.0989782218215,26.2280853985774,72.7090435106216
SG,SGP,Singapore,Singapore,2002,ASEAN,2.77153718950258,0.865731846314658,21.5691232603445,49.6180655464099,25.1755421574283,73.8327209052278
SG,SGP,Singapore,Singapore,2003,ASEAN,2.7043466572954,0.836386859928192,24.4167685273433,47.3227122985228,24.7197856569104,74.8849498532988
SG,SGP,Singapore,Singapore,2004,ASEAN,2.52662249966174,0.703048984553049,28.8966527103698,46.2419698325583,21.6317059728571,76.8385802027273
SG,SGP,Singapore,Singapore,2005,ASEAN,2.29567636586523,0.619637563633531,25.315181473064,49.6859970955827,22.0835075018545,76.7202677512217
SG,SGP,Singapore,Singapore,2006,ASEAN,2.28293988517571,0.51719023175605106,28.600306846719,47.7391573426637,20.8604056936855,77.7996825559231
SG,SGP,Singapore,Singapore,2007,ASEAN,2.26663937689935,0.562103516970547,31.6461195496731,45.4026577677177,20.1224797887392,78.3539807698535
SG,SGP,Singapore,Singapore,2008,ASEAN,3.13297791233779,0.521070614130275,21.0996880657505,53.8386324626425,21.4076309451389,74.5631338561831
SG,SGP,Singapore,Singapore,2009,ASEAN,3.64091040382064,0.343501592017578,25.0408455270202,53.2002683331624,17.7744741439792,71.1140868220921
SG,SGP,Singapore,Singapore,2010,ASEAN,3.86273475845264,0.272599205378646,21.9050648618206,57.6300729124087,16.3295282619394,75.9920687303204
SG,SGP,Singapore,Singapore,2011,ASEAN,4.35735134599701,0.31596692041343,27.3935659240295,53.0610771160414,14.8720386935187,77.2736001239364
SG,SGP,Singapore,Singapore,2012,ASEAN,4.73718185846219,0.326857895768077,28.1951090950738,51.0294689077773,15.7113822429186,76.2838088761689
SG,SGP,Singapore,Singapore,2013,ASEAN,4.79243102274841,0.335479481769241,23.7042682114387,55.4729816336026,15.694839650441,75.9348999790546
SG,SGP,Singapore,Singapore,2014,ASEAN,5.35489509738077,0.274592306991708,23.7291372139229,55.4791586029641,15.1622167787404,75.8814724281847
SG,SGP,Singapore,Singapore,2015,ASEAN,5.4534486666832,0.254288700680723,26.6806444318531,50.2725281610936,17.3390900396894,74.847165988133
SG,SGP,Singapore,Singapore,2016,ASEAN,5.39695889634535,0.232226618687062,33.4694551183441,43.4696121632725,17.4317472033511,75.4231282921435
SG,SGP,Singapore,Singapore,2017,ASEAN,5.04333078179771,0.212794225453026,27.3635954446551,51.9740279662436,15.4062515818505,78.5716846127932
SG,SGP,Singapore,Singapore,2018,ASEAN,3.95111741262525,0.167160596444053,24.7684650484485,59.2644817221336,11.8487752203486,83.7270701945211
SG,SGP,Singapore,Singapore,2019,ASEAN,4.76979862831912,0.186315566542273,18.456043680934,62.489580763779,14.0982613604257,80.5775174376811
SG,SGP,Singapore,Singapore,2020,ASEAN,4.45660614179139,0.13747094407341,22.0064904130178,58.7521757918317,14.6472567092858,80.6582949692966
SG,SGP,Singapore,Singapore,2021,ASEAN,3.6260944429745,0.112770735467448,20.0225602160493,61.4773698955899,14.7612047099189,81.2745525025105
SG,SGP,Singapore,Singapore,2022,ASEAN,3.38850395650654,0.118901189885233,16.859858636432,65.0794731107932,14.5532631063831,82.3295378566117
SG,SGP,Singapore,Singapore,2023,ASEAN,NA,NA,NA,NA,NA,NA
SG,SGP,Singapore,Singapore,2024,ASEAN,NA,NA,NA,NA,NA,NA
TH,THA,Thailand,Thailand,1990,ASEAN,23.726955521985,29.6639012003076,1.59370230766687,10.0088726649447,35.0065683050958,20.8964276441562
TH,THA,Thailand,Thailand,1991,ASEAN,9.25737538148525,9.48132384817516,2.77473228632333,16.4600924790939,62.0264760049223,26.5234846333488
TH,THA,Thailand,Thailand,1992,ASEAN,9.25737260838246,9.48132100818148,2.77473145514884,16.460087548284,62.0264873800032,26.5234766881632
TH,THA,Thailand,Thailand,1993,ASEAN,19.9578991777595,17.7937499176002,2.01835648585579,13.1752941124769,47.0547003063077,20.6847755867967
TH,THA,Thailand,Thailand,1994,ASEAN,16.1006696009512,17.9829575085004,2.31085337616554,22.7763407663906,40.8291787479922,30.8852917249004
TH,THA,Thailand,Thailand,1995,ASEAN,16.1006863936423,17.9829762645198,2.31085578641134,22.7763645216883,40.8291170337383,30.8853239377648
TH,THA,Thailand,Thailand,1996,ASEAN,21.4298738458579,8.63192084508848,5.8990486342652,26.1284944857656,37.9106621890228,37.0637903949731
TH,THA,Thailand,Thailand,1997,ASEAN,21.432686748272,8.63305387774794,5.8998229480248,26.1319241321868,37.9025122937685,37.2394948748559
TH,THA,Thailand,Thailand,1998,ASEAN,24.80896599091,12.3632477963198,4.37999307280057,26.7775786333893,31.6702145065803,34.640395216011
TH,THA,Thailand,Thailand,1999,ASEAN,24.721484561366,12.3727290752044,4.38335205554818,26.7981141505107,31.7243201573707,34.727415917137
TH,THA,Thailand,Thailand,2000,ASEAN,17.6993340689786,12.4123957836836,6.16073353386366,25.8830403067227,37.8444963067514,37.7827414656724
TH,THA,Thailand,Thailand,2001,ASEAN,17.699334069648,12.4123957837687,6.16073353393984,25.8830403068823,37.8444963057612,37.8626687585131
TH,THA,Thailand,Thailand,2002,ASEAN,17.1034986350261,7.88148441188861,5.84604304536781,33.5118515193825,35.657122388335,41.9554789615166
TH,THA,Thailand,Thailand,2003,ASEAN,17.1034986351509,7.88148441180501,5.84604304534253,33.5118515191263,35.6571223885752,42.0332970538406
TH,THA,Thailand,Thailand,2004,ASEAN,17.1034986351922,7.88148441209241,5.84604304548436,33.5118515205066,35.6571223867244,42.0332970553835
TH,THA,Thailand,Thailand,2005,ASEAN,15.6955276787898,8.81313851146332,6.32084672746897,35.4356336966685,33.7348533856095,46.2675712538194
TH,THA,Thailand,Thailand,2006,ASEAN,15.6955276784276,8.81313851126592,6.32084672752814,35.4356336963486,33.7348533864298,46.1568711478369
TH,THA,Thailand,Thailand,2007,ASEAN,15.6955276787852,8.81313851146213,6.32084672787214,35.4356336967911,33.7348533850894,46.267571254354
TH,THA,Thailand,Thailand,2008,ASEAN,15.6955276786061,8.81313851143299,6.32084672759718,35.4356336974164,33.7348533849474,46.2675712547148
TH,THA,Thailand,Thailand,2009,ASEAN,19.0245937211232,6.44782591438426,5.38355827557746,33.0443955862788,36.0996265026362,43.84136392385
TH,THA,Thailand,Thailand,2010,ASEAN,19.0245937206275,6.4478259143891,5.38355827558736,33.0443955868795,36.0996265025165,43.8413639244794
TH,THA,Thailand,Thailand,2011,ASEAN,19.9659338070454,6.76686542142547,5.64993764155944,30.5062668656932,37.1109962642764,40.2419060107947
TH,THA,Thailand,Thailand,2012,ASEAN,20.1013177742894,6.8127498310569,5.68824844530416,30.7131221756576,36.684561773692,40.7085043751934
TH,THA,Thailand,Thailand,2013,ASEAN,20.1013177749778,6.81274983129598,5.68824844551541,30.7131221766937,36.6845617715171,40.7085043765886
TH,THA,Thailand,Thailand,2014,ASEAN,19.9896203859968,6.00484907123953,7.67638779717726,30.2595095835291,36.0696331620573,41.3556749808981
TH,THA,Thailand,Thailand,2015,ASEAN,19.9896203854882,6.00484907111314,7.67638779698172,30.2595095826088,36.0696331638082,41.3556749797105
TH,THA,Thailand,Thailand,2016,ASEAN,19.4503914123413,5.84286557485915,7.46931379411563,29.4432457433493,37.7941834753346,40.1269128710307
TH,THA,Thailand,Thailand,2017,ASEAN,NA,NA,NA,NA,NA,41.3556749804313
TH,THA,Thailand,Thailand,2018,ASEAN,NA,NA,NA,NA,NA,41.3556749810249
TH,THA,Thailand,Thailand,2019,ASEAN,NA,NA,NA,NA,NA,41.3556749806428
TH,THA,Thailand,Thailand,2020,ASEAN,NA,NA,NA,NA,NA,41.3556749806428
TH,THA,Thailand,Thailand,2021,ASEAN,17.4738706414166,2.07585075018977,8.07640629492142,22.3950418778941,49.9788304355782,41.3556749806428
TH,THA,Thailand,Thailand,2022,ASEAN,NA,NA,NA,NA,NA,41.3556749806428
TH,THA,Thailand,Thailand,2023,ASEAN,NA,NA,NA,NA,NA,NA
TH,THA,Thailand,Thailand,2024,ASEAN,NA,NA,NA,NA,NA,NA
GB,GBR,United Kingdom,UK,1990,Developed,13.3991734958325,5.30223436296141,11.4029558030399,23.1491209637879,46.7465153743784,44.7573019541921
GB,GBR,United Kingdom,UK,1991,Developed,14.5832729591097,5.27863911670096,11.9961167299389,22.0498739386212,46.0920972556293,44.4431564610079
GB,GBR,United Kingdom,UK,1992,Developed,14.6233486039311,5.3608204093641,12.5506101234257,21.6583308816319,45.8068899816473,44.3533812465851
GB,GBR,United Kingdom,UK,1993,Developed,14.5341366856508,5.8975204889568,10.9520419502709,24.7681969718016,43.8481039033199,41.2765661897486
GB,GBR,United Kingdom,UK,1994,Developed,14.0035149943935,5.67727261882987,10.745385575799,24.873754443446,44.7000723675316,41.3162938280834
GB,GBR,United Kingdom,UK,1995,Developed,13.0286423327474,5.29122413105455,11.3830745823301,24.6303381242891,45.6667208295789,41.6731908356353
GB,GBR,United Kingdom,UK,1996,Developed,13.8929303389021,5.44926728281573,11.0023164051666,25.1232204350122,44.5322655381033,41.9394208850583
GB,GBR,United Kingdom,UK,1997,Developed,13.5218327097713,5.68221211283261,9.78929970762796,25.7060375279554,45.3006179418127,41.763371010639
GB,GBR,United Kingdom,UK,1998,Developed,12.9300157656905,4.89834014073944,9.52315512189484,26.4565268212517,46.1919621504235,41.8698099942082
GB,GBR,United Kingdom,UK,1999,Developed,13.0918240974152,4.35932463442373,9.68230361841441,26.765461878453,46.1010857712936,42.28620702216
GB,GBR,United Kingdom,UK,2000,Developed,13.6928283256093,3.97034109411786,9.89689671985247,25.2800311001074,47.159902760313,41.9052768600797
GB,GBR,United Kingdom,UK,2001,Developed,14.0786648590357,3.99128258949809,10.2586844675015,23.6430718632291,48.0282962207356,40.6395419195494
GB,GBR,United Kingdom,UK,2002,Developed,14.4865522116788,3.50005598888028,11.3935586713954,23.6035965789384,47.0162365491071,41.3333075965188
GB,GBR,United Kingdom,UK,2003,Developed,15.283009498677,3.18159569260891,10.605318975363,23.5721835606915,47.3578922726596,40.5534628671959
GB,GBR,United Kingdom,UK,2004,Developed,15.3149708448839,2.78373322044545,10.8147045569378,23.4463122533423,47.6402791243906,40.5235630692758
GB,GBR,United Kingdom,UK,2005,Developed,15.5943119278789,2.84820009577281,11.3497720190713,22.7266102671229,47.4811056901541,41.0011728699225
GB,GBR,United Kingdom,UK,2006,Developed,14.8583238523525,2.32525262045334,12.6138559205079,23.2915721373609,46.9109954693254,42.3331964481665
GB,GBR,United Kingdom,UK,2007,Developed,14.6036304629194,2.32522199398572,11.586830395951,23.8027779029859,47.681539244158,41.2029852476223
GB,GBR,United Kingdom,UK,2008,Developed,12.251657844902,2.21157513667601,11.9170776426817,31.1420560622587,42.4776333134816,43.0686654386076
GB,GBR,United Kingdom,UK,2009,Developed,19.8937516196399,2.11887013917471,12.8892852243106,28.8303531958354,36.2677398210393,42.6915115519193
GB,GBR,United Kingdom,UK,2010,Developed,17.9818763399248,2.15346890689535,13.6680890703234,30.1739076830346,36.0226579998219,45.1873714036776
GB,GBR,United Kingdom,UK,2011,Developed,12.9064448507498,2.03800070991809,10.934747811644,32.4653580063357,41.6554486213525,44.99729877667
GB,GBR,United Kingdom,UK,2012,Developed,12.484447952481,2.22009658992094,10.1914406881697,33.1643232685387,41.9396915008896,43.4691385347307
GB,GBR,United Kingdom,UK,2013,Developed,13.0155578050149,2.19666148717916,9.58613530712642,35.29938942224,39.9022559784396,44.96611841469
GB,GBR,United Kingdom,UK,2014,Developed,12.9507513858182,1.9994232432952,9.14095293024448,34.5156845781666,41.3931878624756,43.8456855394277
GB,GBR,United Kingdom,UK,2015,Developed,13.364418220911,2.21323566178309,8.71543577178859,32.9160208010401,42.7908895444772,41.8902195109756
GB,GBR,United Kingdom,UK,2016,Developed,12.924725481371,2.01303385472863,10.916007472579,31.961305358431,42.1849278328904,43.2182646600038
GB,GBR,United Kingdom,UK,2017,Developed,12.8492016139037,2.11012588684952,10.783972022519,33.7230253014255,40.5336751753023,44.5802491744398
GB,GBR,United Kingdom,UK,2018,Developed,17.4002463271909,2.32066142975845,10.887897556175,32.415008279658,36.9761864072177,43.4979639702286
GB,GBR,United Kingdom,UK,2019,Developed,17.7649875030802,2.21952335691907,11.4918858027951,31.6471292287112,36.8764741084944,43.0609826216543
GB,GBR,United Kingdom,UK,2020,Developed,18.131450927904,1.63638001595841,13.756402666598,28.8531826722607,37.6225837172788,42.7794651360325
GB,GBR,United Kingdom,UK,2021,Developed,17.0766076957352,1.61169181368285,12.1237597499691,28.2994241345264,40.8885166060864,40.5732875515186
GB,GBR,United Kingdom,UK,2022,Developed,17.7201879779271,1.51438764381875,11.1135840062069,29.4283523832469,40.2234879888003,40.7534834843938
GB,GBR,United Kingdom,UK,2023,Developed,16.7912923058094,1.93925379691126,10.5310077888522,27.8857124745976,42.8527336338295,NA
GB,GBR,United Kingdom,UK,2024,Developed,NA,NA,NA,NA,NA,NA
US,USA,United States,USA,1990,Developed,12.368864920468,4.91411455930293,11.7425932789254,22.6221721339374,48.3522551073663,48.654045427385
US,USA,United States,USA,1991,Developed,12.9679256663384,4.99706055261611,12.0082151828184,22.53678126694,47.4900173312872,48.9673759515029
US,USA,United States,USA,1992,Developed,13.0117695177248,5.0687201619102,11.7896859816511,21.8559732594301,48.2738510792838,48.4789185301149
US,USA,United States,USA,1993,Developed,12.670906972883,4.98193235397738,11.7400553705521,22.2173327915964,48.3897725109911,48.8696416302322
US,USA,United States,USA,1994,Developed,12.1918607096471,4.85565185949181,11.58482575837,22.6881667105046,48.6794949619865,49.1751669346116
US,USA,United States,USA,1995,Developed,12.0788645551512,4.5431412338377,11.7608869327457,21.8423096316637,49.7747976466017,49.2224311288176
US,USA,United States,USA,1996,Developed,12.0788645550353,4.54314123376561,11.7608869326186,21.8421335322506,49.7749737463299,49.2222550293065
US,USA,United States,USA,1997,Developed,12.0686400735092,4.1901052046349,12.4204245095416,30.0891625663379,41.2316676459763,50.7632529408419
US,USA,United States,USA,1998,Developed,12.5127631360155,3.91182474172528,12.2970088824464,30.1008937158418,41.1775095239711,50.7797476572471
US,USA,United States,USA,1999,Developed,12.5607180882113,3.68694397082819,11.7650163691842,30.6708208504358,41.3165007213405,50.566549301583
US,USA,United States,USA,2000,Developed,13.0158540152143,3.42789346502634,11.8375962499753,29.7183564458087,42.0002998239754,49.9984527341493
US,USA,United States,USA,2001,Developed,14.6407752675925,3.27309570059368,12.2514777007344,27.703254208627,42.1313971224525,48.5302584575089
US,USA,United States,USA,2002,Developed,14.2388857772471,2.99880815445636,13.2894899670291,27.581307849708,41.8915082515594,49.0905860090204
US,USA,United States,USA,2003,Developed,14.7378653698065,2.89128705965373,13.6305449854006,27.0811513557387,41.6591512294005,49.0911094109522
US,USA,United States,USA,2004,Developed,14.3994430385116,2.45388864550007,14.4664685064975,26.0515845989404,42.6286152105505,49.1108213315414
US,USA,United States,USA,2005,Developed,14.3545990531261,2.34014414079248,14.9371964457067,25.1048162624569,43.2632440979177,48.0777371211313
US,USA,United States,USA,2006,Developed,13.5902790533614,2.22527084027073,15.2432843097178,24.7305740909754,44.2105917056747,48.2450322764525
US,USA,United States,USA,2007,Developed,13.4504114615871,1.85926531125838,15.5045631683933,25.460747921472,43.7250121372892,49.3327725071964
US,USA,United States,USA,2008,Developed,14.2293672655556,1.58035750327589,15.6560946637864,24.9621722205791,43.572008346803,49.8575410833301
US,USA,United States,USA,2009,Developed,17.033950017891,1.51216036303388,16.4578238508889,27.5408754621367,37.4551903060496,45.7472330597007
US,USA,United States,USA,2010,Developed,15.8252144619544,1.4595293474952,16.2936892990713,28.4385957914354,37.9829711000437,46.4771836293327
US,USA,United States,USA,2011,Developed,15.3098415659319,1.41206910794955,16.4254503825377,27.804348963786,39.0482899797948,45.9967531843142
US,USA,United States,USA,2012,Developed,14.9283642109049,1.3164626506496,15.8550521788363,28.4440006215526,39.4561203380567,46.0518622857238
US,USA,United States,USA,2013,Developed,14.9692409604169,1.32318312534579,15.7540954828929,28.353109291864,39.6003711394804,45.7751934101166
US,USA,United States,USA,2014,Developed,15.1440261216529,1.31318793885738,15.9308334557202,29.3744351032914,38.2375173804781,47.0381986450065
US,USA,United States,USA,2015,Developed,15.5664896526005,1.27094909333211,15.992083721794,28.9389653010286,38.2315122312447,46.5985571916309
US,USA,United States,USA,2016,Developed,16.1396526906878,1.25422670205477,16.6182275876153,27.9264519961141,38.0614410235281,46.2453530316454
US,USA,United States,USA,2017,Developed,15.8940347348657,1.20800294287306,16.4386024172953,28.5601258727842,37.8992340321818,46.570789769135
US,USA,United States,USA,2018,Developed,15.2978235382408,1.15133483432936,15.731168215011,28.1159017336827,39.7037716787361,45.5351511197855
US,USA,United States,USA,2019,Developed,16.0906432693369,1.19826864114645,16.0186895207073,27.4409542660075,39.2514443028019,45.2319241312387
US,USA,United States,USA,2020,Developed,17.8764270268931,1.17829730580984,16.9284107523146,26.2822625445047,37.7346023704778,45.0884458180873
US,USA,United States,USA,2021,Developed,16.603916245484,1.11437436785691,16.9417753851505,24.4934080579448,40.8465259435638,43.2715427799829
US,USA,United States,USA,2022,Developed,11.7711439030834,1.05294939049704,18.9228969317281,30.6940408348115,37.55896893988,44.0806980123465
US,USA,United States,USA,2023,Developed,12.1332049773594,0.998324241451849,18.2978571683246,32.0462081506043,36.5244054622598,NA
US,USA,United States,USA,2024,Developed,NA,NA,NA,NA,NA,NA
VN,VNM,Viet Nam,Vietnam,1990,ASEAN,NA,NA,NA,NA,NA,19.8380837803798
VN,VNM,Viet Nam,Vietnam,1991,ASEAN,NA,NA,NA,NA,NA,19.8380837803798
VN,VNM,Viet Nam,Vietnam,1992,ASEAN,NA,NA,NA,NA,NA,19.8380837803798
VN,VNM,Viet Nam,Vietnam,1993,ASEAN,NA,NA,NA,NA,NA,19.8380837803798
VN,VNM,Viet Nam,Vietnam,1994,ASEAN,NA,NA,NA,NA,NA,19.8380837803798
VN,VNM,Viet Nam,Vietnam,1995,ASEAN,NA,NA,NA,NA,NA,19.8380837803798
VN,VNM,Viet Nam,Vietnam,1996,ASEAN,NA,NA,NA,NA,NA,19.8380837803798
VN,VNM,Viet Nam,Vietnam,1997,ASEAN,NA,NA,NA,NA,NA,19.8380837803798
VN,VNM,Viet Nam,Vietnam,1998,ASEAN,30.2985964814428,21.8275096732778,6.90361146321857,10.719670204197,30.2506121778638,19.8380837803798
VN,VNM,Viet Nam,Vietnam,1999,ASEAN,30.2985973831147,21.8275103230241,6.90361166875688,10.7196705231185,30.2506101019859,20.6061338596284
VN,VNM,Viet Nam,Vietnam,2000,ASEAN,30.192898869687,20.9629972888988,6.25825371543434,11.8117997404076,30.7740503855722,20.2615732317695
VN,VNM,Viet Nam,Vietnam,2001,ASEAN,30.1928988696566,20.9629972887528,6.25825371548705,11.811799740266,30.7740503858375,21.8580428728102
VN,VNM,Viet Nam,Vietnam,2002,ASEAN,30.1928988694704,20.9629972887808,6.25825371544119,11.811799740354,30.7740503859535,21.8580428728774
VN,VNM,Viet Nam,Vietnam,2003,ASEAN,30.1928988688924,20.9629972885169,6.25825371532476,11.8117997401146,30.7740503871512,21.8580428725222
VN,VNM,Viet Nam,Vietnam,2004,ASEAN,21.5638557965408,20.2590327263242,5.74932570325968,13.9077894139991,38.5199963598763,24.0416919196658
VN,VNM,Viet Nam,Vietnam,2005,ASEAN,21.5638557961011,20.2590327255731,5.74932570312556,13.9077894137468,38.5199963614534,24.0416919191357
VN,VNM,Viet Nam,Vietnam,2006,ASEAN,21.5638557967337,20.2590327260014,5.74932570326917,13.9077894139984,38.5199963599972,22.6528512004247
VN,VNM,Viet Nam,Vietnam,2007,ASEAN,22.4897124010364,17.5930805814708,5.36917443154161,14.3766484061593,40.1713841797918,23.153521645567
VN,VNM,Viet Nam,Vietnam,2008,ASEAN,22.5240579093857,16.4824805445823,5.69683213475177,13.6733154139071,41.6233139973731,22.4658554678733
VN,VNM,Viet Nam,Vietnam,2009,ASEAN,22.5461523367783,14.4270326699745,7.82207210510667,14.7370367534667,40.4677061346738,23.5397044741207
VN,VNM,Viet Nam,Vietnam,2010,ASEAN,22.7876139476694,15.3500023763525,5.36824351483627,14.7329753574706,41.7611648036712,23.3546498125897
VN,VNM,Viet Nam,Vietnam,2011,ASEAN,18.2694044594189,9.81160988570859,4.62176558186554,12.6190855252552,54.6781345477518,19.0840367848217
VN,VNM,Viet Nam,Vietnam,2012,ASEAN,19.9262492594814,10.8139798676899,5.3696462907032,16.1992626541039,47.6908619280216,23.2228500681187
VN,VNM,Viet Nam,Vietnam,2013,ASEAN,22.8175694273115,13.2195932121402,6.0483356238735,21.690501142485,36.2240005941898,29.7727293462114
VN,VNM,Viet Nam,Vietnam,2014,ASEAN,17.3538277314223,13.8622990603297,4.89084477527739,31.3606083711323,32.5324200618383,38.508031295158
VN,VNM,Viet Nam,Vietnam,2015,ASEAN,16.9708553859299,15.3714962286291,5.49860986305417,28.9511938361058,33.207844686281,36.8496268759116
VN,VNM,Viet Nam,Vietnam,2016,ASEAN,16.4831536782403,16.1003519476604,5.13891187193791,30.0821247666578,32.1954577355036,37.3528790761158
VN,VNM,Viet Nam,Vietnam,2017,ASEAN,13.669290711847,15.6026785085296,4.58510562477913,32.8862378348033,33.256687320041,40.0830740439537
VN,VNM,Viet Nam,Vietnam,2018,ASEAN,12.8663281077932,16.0423767909117,4.27204693489054,31.2114730994405,35.6077750669641,38.5098248523289
VN,VNM,Viet Nam,Vietnam,2019,ASEAN,12.3575850682123,16.2085589405495,4.21215583213162,30.2665187013933,36.9551814577134,37.8438782636639
VN,VNM,Viet Nam,Vietnam,2020,ASEAN,11.8678232219568,14.6770268986466,4.32789791403277,31.6947774306453,37.4324745347185,39.6100564323312
VN,VNM,Viet Nam,Vietnam,2021,ASEAN,11.4642529281687,13.9897881633065,4.3973532154834,30.2643644950778,39.8842411979636,38.4571318716276
VN,VNM,Viet Nam,Vietnam,2022,ASEAN,11.5268788802798,14.5443335063763,4.89695031130272,29.2675335507659,39.7643037512753,38.7034371333914
VN,VNM,Viet Nam,Vietnam,2023,ASEAN,NA,NA,NA,NA,NA,NA
VN,VNM,Viet Nam,Vietnam,2024,ASEAN,NA,NA,NA,NA,NA,NA
